participant_id,group,hours,measurement_before,measurement_after,change
1,C,5.9,41.8,47.9,6.1
2,A,2.7,44.1,46.3,2.2
3,A,1.7,45.5,51.6,6.1
4,B,5.1,51.4,56.5,5.1
5,A,4.4,48.0,49.5,1.5
6,C,3.2,37.3,40.9,3.6
7,B,2.8,49.7,51.6,1.9
8,C,5.9,55.1,62.0,6.9
9,C,1.7,47.9,49.1,1.2
10,A,2.7,45.0,46.7,1.7
11,A,2.3,47.2,51.7,4.5
12,A,5.8,45.9,48.1,2.2
13,B,5.3,46.6,49.2,2.6
14,C,4.5,47.1,52.3,5.2
15,B,5.3,50.0,53.7,3.7
16,B,3.5,49.6,52.5,2.9
17,A,1.6,44.7,47.6,2.9
18,B,1.1,63.6,64.9,1.3
19,C,5.9,52.7,58.7,6.0
20,A,3.5,40.8,41.6,0.8
21,A,5.6,42.5,46.3,3.8
22,A,5.7,53.8,57.8,4.0
23,B,2.4,55.5,56.4,0.9
24,C,2.7,42.9,44.2,1.3
25,B,2.9,45.4,50.9,5.5
26,A,4.2,45.7,45.3,-0.4
27,C,3.0,42.5,43.1,0.6
28,B,2.2,50.6,52.4,1.8
29,A,2.7,53.2,57.5,4.3
30,A,2.0,44.2,48.4,4.2
31,C,2.1,43.5,50.9,7.4
32,B,5.0,52.6,60.8,8.2
33,A,5.1,45.6,50.7,5.1
34,C,2.2,50.3,51.7,1.4
35,C,5.0,39.6,42.9,3.3
36,C,5.3,43.6,49.1,5.5
37,A,3.1,49.9,52.9,3.0
38,C,4.6,51.7,58.4,6.7
39,B,2.2,55.7,59.4,3.7
40,C,1.1,52.5,59.3,6.8
41,C,5.6,54.8,60.9,6.1
42,B,3.8,40.0,39.0,-1.0
43,B,4.6,58.0,63.5,5.5
44,A,2.3,58.2,58.0,-0.2
45,B,5.4,51.5,54.4,2.9
46,A,2.3,45.9,49.0,3.1
47,A,3.9,62.3,61.1,-1.2
48,C,4.2,44.1,46.5,2.4
49,A,2.2,52.8,57.9,5.1
50,C,3.5,69.8,73.7,3.9
51,C,1.1,46.6,50.1,3.5
52,B,1.8,34.0,34.4,0.4
53,C,3.3,66.2,72.0,5.8
54,A,2.7,48.5,49.6,1.1
55,B,6.0,46.0,50.8,4.8
56,B,1.6,45.9,48.3,2.4
57,C,3.4,50.9,57.2,6.3
58,C,1.6,52.9,56.7,3.8
59,C,3.1,57.6,64.8,7.2
60,B,1.5,52.2,54.8,2.6
61,C,3.9,45.1,51.1,6.0
62,A,1.4,43.1,48.9,5.8
63,B,3.4,46.4,52.4,6.0
64,A,4.2,53.1,56.5,3.4
65,C,5.5,62.5,66.8,4.3
66,B,5.8,59.3,66.9,7.6
67,A,4.2,44.9,44.5,-0.4
68,B,4.9,46.3,51.7,5.4
69,B,2.2,45.9,47.9,2.0
70,A,2.5,67.4,73.1,5.7
71,C,6.0,54.3,61.9,7.6
72,B,2.5,56.0,60.4,4.4
73,C,3.1,50.4,57.9,7.5
74,B,2.5,45.7,48.3,2.6
75,B,4.4,47.4,50.1,2.7
76,A,4.6,53.8,54.1,0.3
77,C,1.9,61.1,66.4,5.3
78,A,4.7,60.7,65.2,4.5
79,B,2.0,37.9,42.6,4.7
80,A,2.2,43.1,43.3,0.2
81,A,5.8,47.2,48.3,1.1
82,B,1.3,46.6,50.4,3.8
83,A,1.3,44.6,45.1,0.5
84,A,3.6,40.3,40.5,0.2
85,B,2.7,52.0,57.0,5.0
86,C,3.1,50.2,54.3,4.1
87,B,1.9,49.2,53.7,4.5
88,B,1.3,51.2,53.0,1.8
89,B,3.8,49.3,53.4,4.1
90,C,1.5,66.0,69.3,3.3
91,B,5.9,42.4,51.7,9.3
92,B,5.5,39.9,44.2,4.3
93,B,6.0,53.4,60.0,6.6
94,A,5.1,47.0,47.7,0.7
95,A,2.6,47.6,50.2,2.6
96,C,1.9,51.9,56.0,4.1
97,A,2.6,45.2,47.9,2.7
98,A,2.4,55.8,61.4,5.6
99,A,4.0,43.4,48.7,5.3
100,C,2.2,53.8,58.0,4.2
101,C,3.6,52.9,57.0,4.1
102,A,2.1,56.7,57.6,0.9
103,A,4.6,60.0,63.5,3.5
104,B,1.3,52.0,50.9,-1.1
105,B,4.7,52.0,55.6,3.6
106,C,2.2,46.5,54.7,8.2
107,C,5.6,40.0,45.1,5.1
108,B,4.2,45.5,48.4,2.9
109,B,1.2,45.4,52.8,7.4
110,A,5.3,63.7,66.0,2.3
111,A,2.1,48.9,52.1,3.2
112,C,4.6,46.6,46.1,-0.5
113,C,5.3,44.9,49.4,4.5
114,B,5.3,49.1,52.2,3.1
115,B,4.4,51.5,52.6,1.1
116,A,2.8,45.2,41.9,-3.3
117,C,3.9,47.3,46.8,-0.5
118,C,5.8,54.5,60.6,6.1
119,C,4.2,53.8,60.6,6.8
120,A,4.6,57.7,61.5,3.8
121,C,2.2,48.0,53.6,5.6
122,C,1.5,37.6,39.2,1.6
123,B,4.2,44.2,47.2,3.0
124,C,2.7,52.6,57.5,4.9
125,A,2.8,51.8,53.3,1.5
126,B,3.1,52.1,56.3,4.2
